run_id,run_number,workflow,event,actor_login,actor_type,class,job_id,job_name,started_at,completed_at,minutes,sku,rate_usd_per_min,cost_usd,runner_labels
36994231685,74057,Stale check for no response from author,issue_comment,docs-bot,User,human,110797186521,noResponse,2026-10-02T10:13:07Z,2026-10-02T10:13:00Z,1,actions_linux,0.006,0.006,ubuntu-latest
36994231624,6659,Create a PR to add an entry to the CHANGELOG.md file in this repo,issue_comment,docs-bot,User,human,110797201650,docs-changelog-pr,2026-10-02T10:13:10Z,2026-10-02T10:13:00Z,1,actions_linux,0.006,0.006,ubuntu-latest
36994231613,42588,Triage new issue comments,issue_comment,docs-bot,User,human,110797153259,triage-issue-comments,2026-10-02T10:13:08Z,2026-10-02T10:13:42Z,1,actions_linux,0.006,0.006,ubuntu-latest
36994228834,24988,"Comment on adding ""needs SME"" label",issues,docs-bot,User,human,110797146054,add-pr-comment,2026-10-02T10:12:59Z,2026-10-02T10:12:58Z,1,actions_linux,0.006,0.006,ubuntu-latest
36994228834,24988,"Comment on adding ""needs SME"" label",issues,docs-bot,User,human,110797194015,add-issue-comment,2026-10-02T10:13:09Z,2026-10-02T10:12:58Z,1,actions_linux,0.006,0.006,ubuntu-latest
36994228715,31000,OS Ready for review,issues,docs-bot,User,human,110797145140,Request a review from the docs-content team,2026-10-02T10:12:59Z,2026-10-02T10:12:58Z,1,actions_linux,0.006,0.006,ubuntu-latest
36994228681,10941,Create SME review tracking issue,issues,docs-bot,User,human,110797189328,create-sme-review-tracking-issue,2026-10-02T10:13:08Z,2026-10-02T10:12:58Z,1,actions_linux,0.006,0.006,ubuntu-latest
36994228675,31824,Close issue/PR on adding invalid label,issues,docs-bot,User,human,110797143326,close-on-adding-invalid-label,2026-10-02T10:13:05Z,2026-10-02T10:13:10Z,1,actions_linux,0.006,0.006,ubuntu-latest
36994228629,5922,Expertise Required label message,issues,docs-bot,User,human,110797144459,Comment on issue with expertise required message,2026-10-02T10:12:59Z,2026-10-02T10:12:58Z,1,actions_linux,0.006,0.006,ubuntu-latest
36994228619,12684,Copy to API/events issue to docs-content,issues,docs-bot,User,human,110797145826,Transfer issue,2026-10-02T10:12:59Z,2026-10-02T10:12:58Z,1,actions_linux,0.006,0.006,ubuntu-latest
36994201652,30999,OS Ready for review,issues,nisarabdulla,User,human,110797096009,Request a review from the docs-content team,2026-10-02T10:12:49Z,2026-10-02T10:12:41Z,1,actions_linux,0.006,0.006,ubuntu-latest
36994201573,10940,Create SME review tracking issue,issues,nisarabdulla,User,human,110797058607,create-sme-review-tracking-issue,2026-10-02T10:12:41Z,2026-10-02T10:12:41Z,1,actions_linux,0.006,0.006,ubuntu-latest
36994201548,5921,Expertise Required label message,issues,nisarabdulla,User,human,110797059313,Comment on issue with expertise required message,2026-10-02T10:12:42Z,2026-10-02T10:12:41Z,1,actions_linux,0.006,0.006,ubuntu-latest
36994201511,12683,Copy to API/events issue to docs-content,issues,nisarabdulla,User,human,110797101552,Transfer issue,2026-10-02T10:12:50Z,2026-10-02T10:12:41Z,1,actions_linux,0.006,0.006,ubuntu-latest
36994201497,24987,"Comment on adding ""needs SME"" label",issues,nisarabdulla,User,human,110797059723,add-issue-comment,2026-10-02T10:12:42Z,2026-10-02T10:12:41Z,1,actions_linux,0.006,0.006,ubuntu-latest
36994201497,24987,"Comment on adding ""needs SME"" label",issues,nisarabdulla,User,human,110797090093,add-pr-comment,2026-10-02T10:12:48Z,2026-10-02T10:12:41Z,1,actions_linux,0.006,0.006,ubuntu-latest
36994201476,31823,Close issue/PR on adding invalid label,issues,nisarabdulla,User,human,110797059684,close-on-adding-invalid-label,2026-10-02T10:12:42Z,2026-10-02T10:12:41Z,1,actions_linux,0.006,0.006,ubuntu-latest
36994200719,48,Check for non-English titles,issues,nisarabdulla,User,human,110797055249,Flag and close non-English titles,2026-10-02T10:12:49Z,2026-10-02T10:12:55Z,1,actions_linux,0.006,0.006,ubuntu-latest
36994200694,8274,Triage new issues,issues,nisarabdulla,User,human,110797055083,triage_issues,2026-10-02T10:12:49Z,2026-10-02T10:13:13Z,1,actions_linux,0.006,0.006,ubuntu-latest
36994200683,350,Add new issues and PRs to central triage board,issues,nisarabdulla,User,human,110797055117,add-to-central-triage,2026-10-02T10:12:49Z,2026-10-02T10:13:07Z,1,actions_linux,0.006,0.006,ubuntu-latest
36994200665,32852,Confirm internal staff meant to post in public,issues,nisarabdulla,User,human,110797055107,check-team-membership,2026-10-02T10:12:49Z,2026-10-02T10:12:58Z,1,actions_linux,0.006,0.006,ubuntu-latest
36994200637,7251,Check for Spammy Issues,issues,nisarabdulla,User,human,110797054821,Remove issues with spammy titles,2026-10-02T10:12:49Z,2026-10-02T10:12:59Z,1,actions_linux,0.006,0.006,ubuntu-latest
36980447794,74056,Stale check for no response from author,issue_comment,ashis-baral,User,human,110753531229,noResponse,2026-10-02T07:47:41Z,2026-10-02T07:47:49Z,1,actions_linux,0.006,0.006,ubuntu-latest
36980447759,42587,Triage new issue comments,issue_comment,ashis-baral,User,human,110753532487,triage-issue-comments,2026-10-02T07:47:39Z,2026-10-02T07:47:39Z,1,actions_linux,0.006,0.006,ubuntu-latest
36980447757,6658,Create a PR to add an entry to the CHANGELOG.md file in this repo,issue_comment,ashis-baral,User,human,110753567759,docs-changelog-pr,2026-10-02T07:47:47Z,2026-10-02T07:47:39Z,1,actions_linux,0.006,0.006,ubuntu-latest
36979412336,24986,"Comment on adding ""needs SME"" label",issues,subatoi,User,human,110750286892,add-issue-comment,2026-10-02T07:36:00Z,2026-10-02T07:36:00Z,1,actions_linux,0.006,0.006,ubuntu-latest
36979412336,24986,"Comment on adding ""needs SME"" label",issues,subatoi,User,human,110750287799,add-pr-comment,2026-10-02T07:36:00Z,2026-10-02T07:36:00Z,1,actions_linux,0.006,0.006,ubuntu-latest
36979412333,31822,Close issue/PR on adding invalid label,issues,subatoi,User,human,110750286853,close-on-adding-invalid-label,2026-10-02T07:36:00Z,2026-10-02T07:36:00Z,1,actions_linux,0.006,0.006,ubuntu-latest
36979412320,5920,Expertise Required label message,issues,subatoi,User,human,110750287264,Comment on issue with expertise required message,2026-10-02T07:36:00Z,2026-10-02T07:36:00Z,1,actions_linux,0.006,0.006,ubuntu-latest
36979412309,12682,Copy to API/events issue to docs-content,issues,subatoi,User,human,110750287553,Transfer issue,2026-10-02T07:36:00Z,2026-10-02T07:36:00Z,1,actions_linux,0.006,0.006,ubuntu-latest
36979412303,30998,OS Ready for review,issues,subatoi,User,human,110750334136,Request a review from the docs-content team,2026-10-02T07:36:10Z,2026-10-02T07:36:00Z,1,actions_linux,0.006,0.006,ubuntu-latest
36979412285,10939,Create SME review tracking issue,issues,subatoi,User,human,110750334994,create-sme-review-tracking-issue,2026-10-02T07:36:10Z,2026-10-02T07:36:00Z,1,actions_linux,0.006,0.006,ubuntu-latest
36979411910,12681,Copy to API/events issue to docs-content,issues,subatoi,User,human,110750285346,Transfer issue,2026-10-02T07:36:00Z,2026-10-02T07:35:59Z,1,actions_linux,0.006,0.006,ubuntu-latest
36979411872,10938,Create SME review tracking issue,issues,subatoi,User,human,110750324313,create-sme-review-tracking-issue,2026-10-02T07:36:08Z,2026-10-02T07:35:59Z,1,actions_linux,0.006,0.006,ubuntu-latest
36979411853,5919,Expertise Required label message,issues,subatoi,User,human,110750285955,Comment on issue with expertise required message,2026-10-02T07:36:00Z,2026-10-02T07:35:59Z,1,actions_linux,0.006,0.006,ubuntu-latest
36979411837,24985,"Comment on adding ""needs SME"" label",issues,subatoi,User,human,110750285357,add-issue-comment,2026-10-02T07:36:00Z,2026-10-02T07:35:59Z,1,actions_linux,0.006,0.006,ubuntu-latest
36979411837,24985,"Comment on adding ""needs SME"" label",issues,subatoi,User,human,110750285828,add-pr-comment,2026-10-02T07:36:00Z,2026-10-02T07:35:59Z,1,actions_linux,0.006,0.006,ubuntu-latest
36979411814,30997,OS Ready for review,issues,subatoi,User,human,110750285566,Request a review from the docs-content team,2026-10-02T07:36:00Z,2026-10-02T07:35:59Z,1,actions_linux,0.006,0.006,ubuntu-latest
36979411786,31821,Close issue/PR on adding invalid label,issues,subatoi,User,human,110750314753,close-on-adding-invalid-label,2026-10-02T07:36:06Z,2026-10-02T07:35:59Z,1,actions_linux,0.006,0.006,ubuntu-latest
36979386977,42586,Triage new issue comments,issue_comment,subatoi,User,human,110750208118,triage-issue-comments,2026-10-02T07:35:44Z,2026-10-02T07:35:43Z,1,actions_linux,0.006,0.006,ubuntu-latest
36979386935,6657,Create a PR to add an entry to the CHANGELOG.md file in this repo,issue_comment,subatoi,User,human,110750208072,docs-changelog-pr,2026-10-02T07:35:44Z,2026-10-02T07:35:43Z,1,actions_linux,0.006,0.006,ubuntu-latest
36979386934,74055,Stale check for no response from author,issue_comment,subatoi,User,human,110750206497,noResponse,2026-10-02T07:35:45Z,2026-10-02T07:35:54Z,1,actions_linux,0.006,0.006,ubuntu-latest
36979327182,30996,OS Ready for review,pull_request_target,subatoi,User,human,110750026105,Request a review from the docs-content team,2026-10-02T07:35:05Z,2026-10-02T07:35:05Z,1,actions_linux,0.006,0.006,ubuntu-latest
36979327161,23826,Move and unlabel ready to merge PRs,pull_request_target,subatoi,User,human,110750025944,unmark_for_review,2026-10-02T07:35:05Z,2026-10-02T07:35:05Z,1,actions_linux,0.006,0.006,ubuntu-latest
36979327142,31820,Close issue/PR on adding invalid label,pull_request_target,subatoi,User,human,110750026340,close-on-adding-invalid-label,2026-10-02T07:35:05Z,2026-10-02T07:35:05Z,1,actions_linux,0.006,0.006,ubuntu-latest
36979327134,10937,Create SME review tracking issue,pull_request_target,subatoi,User,human,110750055849,create-sme-review-tracking-issue,2026-10-02T07:35:11Z,2026-10-02T07:35:05Z,1,actions_linux,0.006,0.006,ubuntu-latest
36979327118,24984,"Comment on adding ""needs SME"" label",pull_request_target,subatoi,User,human,110750025215,add-issue-comment,2026-10-02T07:35:05Z,2026-10-02T07:35:05Z,1,actions_linux,0.006,0.006,ubuntu-latest
36979327118,24984,"Comment on adding ""needs SME"" label",pull_request_target,subatoi,User,human,110750025469,add-pr-comment,2026-10-02T07:35:05Z,2026-10-02T07:35:05Z,1,actions_linux,0.006,0.006,ubuntu-latest
36979326831,30057,Ready for docs-content review,pull_request,subatoi,User,human,110750047616,Request a review from the docs-content team,2026-10-02T07:35:10Z,2026-10-02T07:35:04Z,1,actions_linux,0.006,0.006,ubuntu-latest
36979326798,31819,Close issue/PR on adding invalid label,pull_request_target,subatoi,User,human,110750024081,close-on-adding-invalid-label,2026-10-02T07:35:05Z,2026-10-02T07:35:04Z,1,actions_linux,0.006,0.006,ubuntu-latest
36979326791,23825,Move and unlabel ready to merge PRs,pull_request_target,subatoi,User,human,110750023882,unmark_for_review,2026-10-02T07:35:05Z,2026-10-02T07:35:04Z,1,actions_linux,0.006,0.006,ubuntu-latest
36979326780,21655,Site Policy Reminder,pull_request,subatoi,User,human,110750023277,run,2026-10-02T07:35:05Z,2026-10-02T07:35:04Z,1,actions_linux,0.006,0.006,ubuntu-latest
36979326768,10936,Create SME review tracking issue,pull_request_target,subatoi,User,human,110750024227,create-sme-review-tracking-issue,2026-10-02T07:35:05Z,2026-10-02T07:35:04Z,1,actions_linux,0.006,0.006,ubuntu-latest
36979326763,30995,OS Ready for review,pull_request_target,subatoi,User,human,110750072252,Request a review from the docs-content team,2026-10-02T07:35:15Z,2026-10-02T07:35:04Z,1,actions_linux,0.006,0.006,ubuntu-latest
36979326736,24983,"Comment on adding ""needs SME"" label",pull_request_target,subatoi,User,human,110750024399,add-issue-comment,2026-10-02T07:35:05Z,2026-10-02T07:35:04Z,1,actions_linux,0.006,0.006,ubuntu-latest
36979326736,24983,"Comment on adding ""needs SME"" label",pull_request_target,subatoi,User,human,110750062567,add-pr-comment,2026-10-02T07:35:13Z,2026-10-02T07:35:04Z,1,actions_linux,0.006,0.006,ubuntu-latest
36979326596,30994,OS Ready for review,pull_request_target,subatoi,User,human,110750059546,Request a review from the docs-content team,2026-10-02T07:35:12Z,2026-10-02T07:35:04Z,1,actions_linux,0.006,0.006,ubuntu-latest
36979326574,24982,"Comment on adding ""needs SME"" label",pull_request_target,subatoi,User,human,110750023996,add-issue-comment,2026-10-02T07:35:05Z,2026-10-02T07:35:04Z,1,actions_linux,0.006,0.006,ubuntu-latest
36979326574,24982,"Comment on adding ""needs SME"" label",pull_request_target,subatoi,User,human,110750049876,add-pr-comment,2026-10-02T07:35:10Z,2026-10-02T07:35:04Z,1,actions_linux,0.006,0.006,ubuntu-latest
36979326476,31818,Close issue/PR on adding invalid label,pull_request_target,subatoi,User,human,110750068597,close-on-adding-invalid-label,2026-10-02T07:35:14Z,2026-10-02T07:35:04Z,1,actions_linux,0.006,0.006,ubuntu-latest
36979326475,10935,Create SME review tracking issue,pull_request_target,subatoi,User,human,110750059976,create-sme-review-tracking-issue,2026-10-02T07:35:12Z,2026-10-02T07:35:04Z,1,actions_linux,0.006,0.006,ubuntu-latest
36979326450,23824,Move and unlabel ready to merge PRs,pull_request_target,subatoi,User,human,110750050919,unmark_for_review,2026-10-02T07:35:10Z,2026-10-02T07:35:04Z,1,actions_linux,0.006,0.006,ubuntu-latest
36979326262,1595,Remove PRs from FR project v2 when FR label is removed,pull_request,subatoi,User,human,110750021907,Remove from FR v2 project,2026-10-02T07:35:04Z,2026-10-02T07:35:04Z,1,actions_linux,0.006,0.006,ubuntu-latest
36979326259,21654,Site Policy Reminder,pull_request,subatoi,User,human,110750021639,run,2026-10-02T07:35:04Z,2026-10-02T07:35:04Z,1,actions_linux,0.006,0.006,ubuntu-latest
36979326219,30056,Ready for docs-content review,pull_request,subatoi,User,human,110750020967,Request a review from the docs-content team,2026-10-02T07:35:04Z,2026-10-02T07:35:04Z,1,actions_linux,0.006,0.006,ubuntu-latest
36979326083,30055,Ready for docs-content review,pull_request,subatoi,User,human,110750020805,Request a review from the docs-content team,2026-10-02T07:35:04Z,2026-10-02T07:35:04Z,1,actions_linux,0.006,0.006,ubuntu-latest
36979326042,21653,Site Policy Reminder,pull_request,subatoi,User,human,110750021033,run,2026-10-02T07:35:04Z,2026-10-02T07:35:04Z,1,actions_linux,0.006,0.006,ubuntu-latest
36979278814,24981,"Comment on adding ""needs SME"" label",pull_request_target,subatoi,User,human,110749872484,add-pr-comment,2026-10-02T07:34:32Z,2026-10-02T07:34:32Z,1,actions_linux,0.006,0.006,ubuntu-latest
36979278814,24981,"Comment on adding ""needs SME"" label",pull_request_target,subatoi,User,human,110749917475,add-issue-comment,2026-10-02T07:34:42Z,2026-10-02T07:34:32Z,1,actions_linux,0.006,0.006,ubuntu-latest
36979278776,10934,Create SME review tracking issue,pull_request_target,subatoi,User,human,110749872202,create-sme-review-tracking-issue,2026-10-02T07:34:32Z,2026-10-02T07:34:32Z,1,actions_linux,0.006,0.006,ubuntu-latest
36979278775,31817,Close issue/PR on adding invalid label,pull_request_target,subatoi,User,human,110749916121,close-on-adding-invalid-label,2026-10-02T07:34:42Z,2026-10-02T07:34:32Z,1,actions_linux,0.006,0.006,ubuntu-latest
36979278760,23823,Move and unlabel ready to merge PRs,pull_request_target,subatoi,User,human,110749872372,unmark_for_review,2026-10-02T07:34:32Z,2026-10-02T07:34:32Z,1,actions_linux,0.006,0.006,ubuntu-latest
36979278759,30993,OS Ready for review,pull_request_target,subatoi,User,human,110749908507,Request a review from the docs-content team,2026-10-02T07:34:40Z,2026-10-02T07:34:32Z,1,actions_linux,0.006,0.006,ubuntu-latest
36979278511,30054,Ready for docs-content review,pull_request,subatoi,User,human,110749906193,Request a review from the docs-content team,2026-10-02T07:34:40Z,2026-10-02T07:34:32Z,1,actions_linux,0.006,0.006,ubuntu-latest
36979278413,21652,Site Policy Reminder,pull_request,subatoi,User,human,110749870572,run,2026-10-02T07:34:32Z,2026-10-02T07:34:32Z,1,actions_linux,0.006,0.006,ubuntu-latest
36979252071,24980,"Comment on adding ""needs SME"" label",pull_request_target,subatoi,User,human,110749818592,add-issue-comment,2026-10-02T07:34:21Z,2026-10-02T07:34:14Z,1,actions_linux,0.006,0.006,ubuntu-latest
36979252071,24980,"Comment on adding ""needs SME"" label",pull_request_target,subatoi,User,human,110749824589,add-pr-comment,2026-10-02T07:34:22Z,2026-10-02T07:34:14Z,1,actions_linux,0.006,0.006,ubuntu-latest
36979252053,23822,Move and unlabel ready to merge PRs,pull_request_target,subatoi,User,human,110749791506,unmark_for_review,2026-10-02T07:34:15Z,2026-10-02T07:34:14Z,1,actions_linux,0.006,0.006,ubuntu-latest
36979252023,31816,Close issue/PR on adding invalid label,pull_request_target,subatoi,User,human,110749822947,close-on-adding-invalid-label,2026-10-02T07:34:22Z,2026-10-02T07:34:14Z,1,actions_linux,0.006,0.006,ubuntu-latest
36979251998,30992,OS Ready for review,pull_request_target,subatoi,User,human,110749791753,Request a review from the docs-content team,2026-10-02T07:34:15Z,2026-10-02T07:34:14Z,1,actions_linux,0.006,0.006,ubuntu-latest
36979251938,10933,Create SME review tracking issue,pull_request_target,subatoi,User,human,110749817853,create-sme-review-tracking-issue,2026-10-02T07:34:21Z,2026-10-02T07:34:14Z,1,actions_linux,0.006,0.006,ubuntu-latest
36979251846,31815,Close issue/PR on adding invalid label,pull_request_target,subatoi,User,human,110749791224,close-on-adding-invalid-label,2026-10-02T07:34:15Z,2026-10-02T07:34:14Z,1,actions_linux,0.006,0.006,ubuntu-latest
36979251827,24979,"Comment on adding ""needs SME"" label",pull_request_target,subatoi,User,human,110749790809,add-issue-comment,2026-10-02T07:34:15Z,2026-10-02T07:34:14Z,1,actions_linux,0.006,0.006,ubuntu-latest
36979251827,24979,"Comment on adding ""needs SME"" label",pull_request_target,subatoi,User,human,110749791162,add-pr-comment,2026-10-02T07:34:15Z,2026-10-02T07:34:14Z,1,actions_linux,0.006,0.006,ubuntu-latest
36979251792,30991,OS Ready for review,pull_request_target,subatoi,User,human,110749790575,Request a review from the docs-content team,2026-10-02T07:34:14Z,2026-10-02T07:34:14Z,1,actions_linux,0.006,0.006,ubuntu-latest
36979251782,23821,Move and unlabel ready to merge PRs,pull_request_target,subatoi,User,human,110749790462,unmark_for_review,2026-10-02T07:34:14Z,2026-10-02T07:34:14Z,1,actions_linux,0.006,0.006,ubuntu-latest
36979251766,10932,Create SME review tracking issue,pull_request_target,subatoi,User,human,110749790677,create-sme-review-tracking-issue,2026-10-02T07:34:15Z,2026-10-02T07:34:14Z,1,actions_linux,0.006,0.006,ubuntu-latest
36979251734,21651,Site Policy Reminder,pull_request,subatoi,User,human,110749789277,run,2026-10-02T07:34:14Z,2026-10-02T07:34:14Z,1,actions_linux,0.006,0.006,ubuntu-latest
36979251633,30053,Ready for docs-content review,pull_request,subatoi,User,human,110749789106,Request a review from the docs-content team,2026-10-02T07:34:14Z,2026-10-02T07:34:14Z,1,actions_linux,0.006,0.006,ubuntu-latest
36979251268,30052,Ready for docs-content review,pull_request,subatoi,User,human,110749788075,Request a review from the docs-content team,2026-10-02T07:34:14Z,2026-10-02T07:34:13Z,1,actions_linux,0.006,0.006,ubuntu-latest
36979251258,21650,Site Policy Reminder,pull_request,subatoi,User,human,110749787493,run,2026-10-02T07:34:14Z,2026-10-02T07:34:13Z,1,actions_linux,0.006,0.006,ubuntu-latest
36979251130,1594,Remove PRs from FR project v2 when FR label is removed,pull_request,subatoi,User,human,110749786979,Remove from FR v2 project,2026-10-02T07:34:14Z,2026-10-02T07:34:13Z,1,actions_linux,0.006,0.006,ubuntu-latest
36979234039,6656,Create a PR to add an entry to the CHANGELOG.md file in this repo,issue_comment,subatoi,User,human,110749771383,docs-changelog-pr,2026-10-02T07:34:10Z,2026-10-02T07:34:02Z,1,actions_linux,0.006,0.006,ubuntu-latest
36979233998,74054,Stale check for no response from author,issue_comment,subatoi,User,human,110749735184,noResponse,2026-10-02T07:34:05Z,2026-10-02T07:34:12Z,1,actions_linux,0.006,0.006,ubuntu-latest
36979233995,42585,Triage new issue comments,issue_comment,subatoi,User,human,110749736207,triage-issue-comments,2026-10-02T07:34:02Z,2026-10-02T07:34:02Z,1,actions_linux,0.006,0.006,ubuntu-latest
36979141375,74053,Stale check for no response from author,issue_comment,subatoi,User,human,110749447454,noResponse,2026-10-02T07:33:00Z,2026-10-02T07:33:07Z,1,actions_linux,0.006,0.006,ubuntu-latest
36979141367,42584,Triage new issue comments,issue_comment,subatoi,User,human,110749448524,triage-issue-comments,2026-10-02T07:32:59Z,2026-10-02T07:32:58Z,1,actions_linux,0.006,0.006,ubuntu-latest
36979141343,6655,Create a PR to add an entry to the CHANGELOG.md file in this repo,issue_comment,subatoi,User,human,110749448885,docs-changelog-pr,2026-10-02T07:32:59Z,2026-10-02T07:32:58Z,1,actions_linux,0.006,0.006,ubuntu-latest
36979141063,22015,Merged notification,pull_request_target,subatoi,User,human,110749471673,comment,2026-10-02T07:33:04Z,2026-10-02T07:32:58Z,1,actions_linux,0.006,0.006,ubuntu-latest
36979140806,686,Changelog agent — draft entry when a qualified PR merges,pull_request,subatoi,User,human,110749447151,generate-changelog,2026-10-02T07:32:58Z,2026-10-02T07:32:58Z,1,actions_linux,0.006,0.006,ubuntu-latest
36979140768,1459,Feedback prompt for non-Technical Content team contributors when a PR is closed,pull_request,subatoi,User,human,110749474346,comment-on-pr,2026-10-02T07:33:04Z,2026-10-02T07:32:58Z,1,actions_linux,0.006,0.006,ubuntu-latest
36978739727,24978,"Comment on adding ""needs SME"" label",issues,subatoi,User,human,110748221737,add-pr-comment,2026-10-02T07:28:29Z,2026-10-02T07:28:29Z,1,actions_linux,0.006,0.006,ubuntu-latest
36978739727,24978,"Comment on adding ""needs SME"" label",issues,subatoi,User,human,110748247463,add-issue-comment,2026-10-02T07:28:35Z,2026-10-02T07:28:29Z,1,actions_linux,0.006,0.006,ubuntu-latest
36978739709,30990,OS Ready for review,issues,subatoi,User,human,110748249250,Request a review from the docs-content team,2026-10-02T07:28:36Z,2026-10-02T07:28:29Z,1,actions_linux,0.006,0.006,ubuntu-latest
36978739699,12680,Copy to API/events issue to docs-content,issues,subatoi,User,human,110748220801,Transfer issue,2026-10-02T07:28:29Z,2026-10-02T07:28:29Z,1,actions_linux,0.006,0.006,ubuntu-latest
36978739694,10931,Create SME review tracking issue,issues,subatoi,User,human,110748221399,create-sme-review-tracking-issue,2026-10-02T07:28:29Z,2026-10-02T07:28:29Z,1,actions_linux,0.006,0.006,ubuntu-latest
36978739681,5918,Expertise Required label message,issues,subatoi,User,human,110748246193,Comment on issue with expertise required message,2026-10-02T07:28:35Z,2026-10-02T07:28:29Z,1,actions_linux,0.006,0.006,ubuntu-latest
36978739647,31814,Close issue/PR on adding invalid label,issues,subatoi,User,human,110748219771,close-on-adding-invalid-label,2026-10-02T07:28:32Z,2026-10-02T07:28:41Z,1,actions_linux,0.006,0.006,ubuntu-latest
36978734811,12679,Copy to API/events issue to docs-content,issues,subatoi,User,human,110748206362,Transfer issue,2026-10-02T07:28:26Z,2026-10-02T07:28:25Z,1,actions_linux,0.006,0.006,ubuntu-latest
36978734726,5917,Expertise Required label message,issues,subatoi,User,human,110748206006,Comment on issue with expertise required message,2026-10-02T07:28:26Z,2026-10-02T07:28:25Z,1,actions_linux,0.006,0.006,ubuntu-latest
36978734718,10930,Create SME review tracking issue,issues,subatoi,User,human,110748204644,create-sme-review-tracking-issue,2026-10-02T07:28:26Z,2026-10-02T07:28:25Z,1,actions_linux,0.006,0.006,ubuntu-latest
36978734708,24977,"Comment on adding ""needs SME"" label",issues,subatoi,User,human,110748204577,add-issue-comment,2026-10-02T07:28:26Z,2026-10-02T07:28:25Z,1,actions_linux,0.006,0.006,ubuntu-latest
36978734708,24977,"Comment on adding ""needs SME"" label",issues,subatoi,User,human,110748204997,add-pr-comment,2026-10-02T07:28:26Z,2026-10-02T07:28:25Z,1,actions_linux,0.006,0.006,ubuntu-latest
36978734689,31813,Close issue/PR on adding invalid label,issues,subatoi,User,human,110748203729,close-on-adding-invalid-label,2026-10-02T07:28:28Z,2026-10-02T07:28:36Z,1,actions_linux,0.006,0.006,ubuntu-latest
36978734651,30989,OS Ready for review,issues,subatoi,User,human,110748204912,Request a review from the docs-content team,2026-10-02T07:28:26Z,2026-10-02T07:28:25Z,1,actions_linux,0.006,0.006,ubuntu-latest
36978658699,42583,Triage new issue comments,issue_comment,subatoi,User,human,110747974559,triage-issue-comments,2026-10-02T07:27:34Z,2026-10-02T07:27:34Z,1,actions_linux,0.006,0.006,ubuntu-latest
36978658691,74052,Stale check for no response from author,issue_comment,subatoi,User,human,110747972419,noResponse,2026-10-02T07:27:36Z,2026-10-02T07:27:44Z,1,actions_linux,0.006,0.006,ubuntu-latest
36978658653,22014,Merged notification,pull_request_target,subatoi,User,human,110747974323,comment,2026-10-02T07:27:34Z,2026-10-02T07:27:34Z,1,actions_linux,0.006,0.006,ubuntu-latest
36978658650,6654,Create a PR to add an entry to the CHANGELOG.md file in this repo,issue_comment,subatoi,User,human,110747973693,docs-changelog-pr,2026-10-02T07:27:34Z,2026-10-02T07:27:34Z,1,actions_linux,0.006,0.006,ubuntu-latest
36978658424,685,Changelog agent — draft entry when a qualified PR merges,pull_request,subatoi,User,human,110747972972,generate-changelog,2026-10-02T07:27:34Z,2026-10-02T07:27:34Z,1,actions_linux,0.006,0.006,ubuntu-latest
36978658310,1458,Feedback prompt for non-Technical Content team contributors when a PR is closed,pull_request,subatoi,User,human,110747972079,comment-on-pr,2026-10-02T07:27:34Z,2026-10-02T07:27:33Z,1,actions_linux,0.006,0.006,ubuntu-latest
36978098724,12455,Lint code,pull_request,sushant-me,User,human,110746251502,lint-code,2026-10-02T07:21:11Z,2026-10-02T07:22:22Z,2,actions_linux,0.006,0.012,ubuntu-latest
36978098598,8982,Test changed content,pull_request,sushant-me,User,human,110746250282,test-changed-content,2026-10-02T07:21:10Z,2026-10-02T07:22:41Z,2,actions_linux,0.006,0.012,ubuntu-latest
36978098558,22206,CodeQL analysis,pull_request,sushant-me,User,human,110746250718,build,2026-10-02T07:21:10Z,2026-10-02T07:22:19Z,2,actions_linux,0.006,0.012,ubuntu-latest
36978098553,979,Line endings,pull_request,sushant-me,User,human,110746250663,line-endings,2026-10-02T07:21:10Z,2026-10-02T07:21:26Z,1,actions_linux,0.006,0.006,ubuntu-latest
36978098543,51336,Test,pull_request,sushant-me,User,human,110746250939,automated-pipelines,2026-10-02T07:21:10Z,2026-10-02T07:22:49Z,2,actions_linux,0.006,0.012,ubuntu-latest
36978098543,51336,Test,pull_request,sushant-me,User,human,110746251134,audit-logs,2026-10-02T07:21:10Z,2026-10-02T07:22:14Z,2,actions_linux,0.006,0.012,ubuntu-latest
36978098543,51336,Test,pull_request,sushant-me,User,human,110746251148,ghes-releases,2026-10-02T07:21:11Z,2026-10-02T07:22:07Z,1,actions_linux,0.006,0.006,ubuntu-latest
36978098543,51336,Test,pull_request,sushant-me,User,human,110746251155,article-api,2026-10-02T07:21:10Z,2026-10-02T07:22:31Z,2,actions_linux,0.006,0.012,ubuntu-latest
36978098543,51336,Test,pull_request,sushant-me,User,human,110746251171,redirects,2026-10-02T07:21:10Z,2026-10-02T07:23:00Z,2,actions_linux,0.006,0.012,ubuntu-latest
36978098543,51336,Test,pull_request,sushant-me,User,human,110746251199,color-schemes,2026-10-02T07:21:10Z,2026-10-02T07:22:06Z,1,actions_linux,0.006,0.006,ubuntu-latest
36978098543,51336,Test,pull_request,sushant-me,User,human,110746251229,early-access,2026-10-02T07:21:10Z,2026-10-02T07:22:09Z,1,actions_linux,0.006,0.006,ubuntu-latest
36978098543,51336,Test,pull_request,sushant-me,User,human,110746251240,assets,2026-10-02T07:21:11Z,2026-10-02T07:22:10Z,1,actions_linux,0.006,0.006,ubuntu-latest
36978098543,51336,Test,pull_request,sushant-me,User,human,110746251245,content-render,2026-10-02T07:21:10Z,2026-10-02T07:22:11Z,2,actions_linux,0.006,0.012,ubuntu-latest
36978098543,51336,Test,pull_request,sushant-me,User,human,110746251257,events,2026-10-02T07:21:11Z,2026-10-02T07:22:16Z,2,actions_linux,0.006,0.012,ubuntu-latest
36978098543,51336,Test,pull_request,sushant-me,User,human,110746251282,content-linter,2026-10-02T07:21:10Z,2026-10-02T07:22:31Z,2,actions_linux,0.006,0.012,ubuntu-latest
36978098543,51336,Test,pull_request,sushant-me,User,human,110746251299,landings,2026-10-02T07:21:10Z,2026-10-02T07:22:05Z,1,actions_linux,0.006,0.006,ubuntu-latest
36978098543,51336,Test,pull_request,sushant-me,User,human,110746251305,graphql,2026-10-02T07:21:10Z,2026-10-02T07:22:29Z,2,actions_linux,0.006,0.012,ubuntu-latest
36978098543,51336,Test,pull_request,sushant-me,User,human,110746251316,observability,2026-10-02T07:21:10Z,2026-10-02T07:22:08Z,1,actions_linux,0.006,0.006,ubuntu-latest
36978098543,51336,Test,pull_request,sushant-me,User,human,110746251324,frame,2026-10-02T07:21:10Z,2026-10-02T07:22:22Z,2,actions_linux,0.006,0.012,ubuntu-latest
36978098543,51336,Test,pull_request,sushant-me,User,human,110746251328,journeys,2026-10-02T07:21:10Z,2026-10-02T07:22:21Z,2,actions_linux,0.006,0.012,ubuntu-latest
36978098543,51336,Test,pull_request,sushant-me,User,human,110746251338,fixtures,2026-10-02T07:21:10Z,2026-10-02T07:22:19Z,2,actions_linux,0.006,0.012,ubuntu-latest
36978098543,51336,Test,pull_request,sushant-me,User,human,110746251342,links,2026-10-02T07:21:11Z,2026-10-02T07:22:11Z,1,actions_linux,0.006,0.006,ubuntu-latest
36978098543,51336,Test,pull_request,sushant-me,User,human,110746251344,data-directory,2026-10-02T07:21:10Z,2026-10-02T07:22:12Z,2,actions_linux,0.006,0.012,ubuntu-latest
36978098543,51336,Test,pull_request,sushant-me,User,human,110746251384,archives,2026-10-02T07:21:10Z,2026-10-02T07:22:12Z,2,actions_linux,0.006,0.012,ubuntu-latest
36978098543,51336,Test,pull_request,sushant-me,User,human,110746251401,products,2026-10-02T07:21:10Z,2026-10-02T07:22:05Z,1,actions_linux,0.006,0.006,ubuntu-latest
36978098543,51336,Test,pull_request,sushant-me,User,human,110746251411,secret-scanning,2026-10-02T07:21:10Z,2026-10-02T07:22:18Z,2,actions_linux,0.006,0.012,ubuntu-latest
36978098543,51336,Test,pull_request,sushant-me,User,human,110746251424,workflows,2026-10-02T07:21:10Z,2026-10-02T07:22:15Z,2,actions_linux,0.006,0.012,ubuntu-latest
36978098543,51336,Test,pull_request,sushant-me,User,human,110746251446,webhooks,2026-10-02T07:21:11Z,2026-10-02T07:22:29Z,2,actions_linux,0.006,0.012,ubuntu-latest
36978098543,51336,Test,pull_request,sushant-me,User,human,110746251452,rest,2026-10-02T07:21:11Z,2026-10-02T07:22:23Z,2,actions_linux,0.006,0.012,ubuntu-latest
36978098543,51336,Test,pull_request,sushant-me,User,human,110746251466,release-notes,2026-10-02T07:21:10Z,2026-10-02T07:22:16Z,2,actions_linux,0.006,0.012,ubuntu-latest
36978098543,51336,Test,pull_request,sushant-me,User,human,110746251482,versions,2026-10-02T07:21:11Z,2026-10-02T07:22:16Z,2,actions_linux,0.006,0.012,ubuntu-latest
36978098543,51336,Test,pull_request,sushant-me,User,human,110746251543,search,2026-10-02T07:21:10Z,2026-10-02T07:22:56Z,2,actions_linux,0.006,0.012,ubuntu-latest
36978098543,51336,Test,pull_request,sushant-me,User,human,110746251554,shielding,2026-10-02T07:21:10Z,2026-10-02T07:22:20Z,2,actions_linux,0.006,0.012,ubuntu-latest
36978098543,51336,Test,pull_request,sushant-me,User,human,110746251605,github-apps,2026-10-02T07:21:11Z,2026-10-02T07:22:26Z,2,actions_linux,0.006,0.012,ubuntu-latest
36978098524,5793,Reviewers - Legal,pull_request,sushant-me,User,human,110746251534,reviewers-legal,2026-10-02T07:21:08Z,2026-10-02T07:21:07Z,1,actions_linux,0.006,0.006,ubuntu-latest
36978098521,509,Restrict who can queue merges,pull_request,sushant-me,User,human,110746251386,merge-queue-restriction,2026-10-02T07:21:08Z,2026-10-02T07:21:07Z,1,actions_linux,0.006,0.006,ubuntu-latest
36978098505,15117,Content Lint Markdown,pull_request,sushant-me,User,human,110746250154,lint-content,2026-10-02T07:21:10Z,2026-10-02T07:21:41Z,1,actions_linux,0.006,0.006,ubuntu-latest
36978098488,19378,Headless Tests,pull_request,sushant-me,User,human,110746250238,playwright-tests (playwright-rendering),2026-10-02T07:21:11Z,2026-10-02T07:24:45Z,4,actions_linux,0.006,0.024,ubuntu-latest
36978098488,19378,Headless Tests,pull_request,sushant-me,User,human,110746250503,playwright-tests (playwright-secret-scanning),2026-10-02T07:21:11Z,2026-10-02T07:23:25Z,3,actions_linux,0.006,0.018000000000000002,ubuntu-latest
36978098488,19378,Headless Tests,pull_request,sushant-me,User,human,110746250509,playwright-tests (playwright-a11y),2026-10-02T07:21:11Z,2026-10-02T07:23:57Z,3,actions_linux,0.006,0.018000000000000002,ubuntu-latest
36978098437,19236,Local development,pull_request,sushant-me,User,human,110746249670,local-dev,2026-10-02T07:21:10Z,2026-10-02T07:21:39Z,1,actions_linux,0.006,0.006,ubuntu-latest
36978094900,16342,Close bad repo-sync PRs,pull_request_target,sushant-me,User,human,110746242543,Close if invalid repo-sync PR author,2026-10-02T07:21:06Z,2026-10-02T07:21:05Z,1,actions_linux,0.006,0.006,ubuntu-latest
36978094752,333,Check for Spammy PRs,pull_request_target,sushant-me,User,human,110746241269,Label spammy PRs and reject non-main targets,2026-10-02T07:21:09Z,2026-10-02T07:21:17Z,1,actions_linux,0.006,0.006,ubuntu-latest
36978094684,5840,Review comment,pull_request_target,sushant-me,User,human,110746241109,review-comment,2026-10-02T07:21:08Z,2026-10-02T07:21:33Z,1,actions_linux,0.006,0.006,ubuntu-latest
36978094683,22381,Check unallowed file changes,pull_request_target,sushant-me,User,human,110746240741,triage,2026-10-02T07:21:09Z,2026-10-02T07:21:37Z,1,actions_linux,0.006,0.006,ubuntu-latest
36973387322,1587,Auto-add ready-for-doc-review label,pull_request,Himanshucodess,User,human,110731933785,Add ready-for-doc-review label to DIY docs PRs,2026-10-02T06:24:23Z,2026-10-02T06:24:22Z,1,actions_linux,0.006,0.006,ubuntu-latest
36973387288,978,Line endings,pull_request,Himanshucodess,User,human,110731932415,line-endings,2026-10-02T06:24:26Z,2026-10-02T06:24:39Z,1,actions_linux,0.006,0.006,ubuntu-latest
36973387275,22205,CodeQL analysis,pull_request,Himanshucodess,User,human,110731932342,build,2026-10-02T06:24:27Z,2026-10-02T06:25:47Z,2,actions_linux,0.006,0.012,ubuntu-latest
36973387258,51335,Test,pull_request,Himanshucodess,User,human,110731932414,assets,2026-10-02T06:24:27Z,2026-10-02T06:25:35Z,2,actions_linux,0.006,0.012,ubuntu-latest
36973387258,51335,Test,pull_request,Himanshucodess,User,human,110731932532,events,2026-10-02T06:24:26Z,2026-10-02T06:25:21Z,1,actions_linux,0.006,0.006,ubuntu-latest
36973387258,51335,Test,pull_request,Himanshucodess,User,human,110731932536,early-access,2026-10-02T06:24:26Z,2026-10-02T06:25:29Z,2,actions_linux,0.006,0.012,ubuntu-latest
36973387258,51335,Test,pull_request,Himanshucodess,User,human,110731932558,fixtures,2026-10-02T06:24:27Z,2026-10-02T06:25:45Z,2,actions_linux,0.006,0.012,ubuntu-latest
36973387258,51335,Test,pull_request,Himanshucodess,User,human,110731932560,color-schemes,2026-10-02T06:24:27Z,2026-10-02T06:25:44Z,2,actions_linux,0.006,0.012,ubuntu-latest
36973387258,51335,Test,pull_request,Himanshucodess,User,human,110731932561,automated-pipelines,2026-10-02T06:24:26Z,2026-10-02T06:25:55Z,2,actions_linux,0.006,0.012,ubuntu-latest
36973387258,51335,Test,pull_request,Himanshucodess,User,human,110731932567,rest,2026-10-02T06:24:26Z,2026-10-02T06:25:37Z,2,actions_linux,0.006,0.012,ubuntu-latest
36973387258,51335,Test,pull_request,Himanshucodess,User,human,110731932592,workflows,2026-10-02T06:24:26Z,2026-10-02T06:25:27Z,2,actions_linux,0.006,0.012,ubuntu-latest
36973387258,51335,Test,pull_request,Himanshucodess,User,human,110731932594,frame,2026-10-02T06:24:26Z,2026-10-02T06:25:35Z,2,actions_linux,0.006,0.012,ubuntu-latest
36973387258,51335,Test,pull_request,Himanshucodess,User,human,110731932605,content-linter,2026-10-02T06:24:27Z,2026-10-02T06:25:54Z,2,actions_linux,0.006,0.012,ubuntu-latest
36973387258,51335,Test,pull_request,Himanshucodess,User,human,110731932614,github-apps,2026-10-02T06:24:26Z,2026-10-02T06:25:27Z,2,actions_linux,0.006,0.012,ubuntu-latest
36973387258,51335,Test,pull_request,Himanshucodess,User,human,110731932619,ghes-releases,2026-10-02T06:24:27Z,2026-10-02T06:25:38Z,2,actions_linux,0.006,0.012,ubuntu-latest
36973387258,51335,Test,pull_request,Himanshucodess,User,human,110731932643,data-directory,2026-10-02T06:24:27Z,2026-10-02T06:25:34Z,2,actions_linux,0.006,0.012,ubuntu-latest
36973387258,51335,Test,pull_request,Himanshucodess,User,human,110731932651,links,2026-10-02T06:24:26Z,2026-10-02T06:25:22Z,1,actions_linux,0.006,0.006,ubuntu-latest
36973387258,51335,Test,pull_request,Himanshucodess,User,human,110731932653,article-api,2026-10-02T06:24:27Z,2026-10-02T06:25:46Z,2,actions_linux,0.006,0.012,ubuntu-latest
36973387258,51335,Test,pull_request,Himanshucodess,User,human,110731932654,release-notes,2026-10-02T06:24:26Z,2026-10-02T06:25:28Z,2,actions_linux,0.006,0.012,ubuntu-latest
36973387258,51335,Test,pull_request,Himanshucodess,User,human,110731932660,graphql,2026-10-02T06:24:27Z,2026-10-02T06:25:42Z,2,actions_linux,0.006,0.012,ubuntu-latest
36973387258,51335,Test,pull_request,Himanshucodess,User,human,110731932665,archives,2026-10-02T06:24:27Z,2026-10-02T06:25:36Z,2,actions_linux,0.006,0.012,ubuntu-latest
36973387258,51335,Test,pull_request,Himanshucodess,User,human,110731932675,secret-scanning,2026-10-02T06:24:27Z,2026-10-02T06:25:33Z,2,actions_linux,0.006,0.012,ubuntu-latest
36973387258,51335,Test,pull_request,Himanshucodess,User,human,110731932677,landings,2026-10-02T06:24:26Z,2026-10-02T06:25:24Z,1,actions_linux,0.006,0.006,ubuntu-latest
36973387258,51335,Test,pull_request,Himanshucodess,User,human,110731932712,search,2026-10-02T06:24:26Z,2026-10-02T06:26:08Z,2,actions_linux,0.006,0.012,ubuntu-latest
36973387258,51335,Test,pull_request,Himanshucodess,User,human,110731932714,redirects,2026-10-02T06:24:26Z,2026-10-02T06:26:14Z,2,actions_linux,0.006,0.012,ubuntu-latest
36973387258,51335,Test,pull_request,Himanshucodess,User,human,110731932724,audit-logs,2026-10-02T06:24:27Z,2026-10-02T06:25:45Z,2,actions_linux,0.006,0.012,ubuntu-latest
36973387258,51335,Test,pull_request,Himanshucodess,User,human,110731932731,journeys,2026-10-02T06:24:27Z,2026-10-02T06:25:24Z,1,actions_linux,0.006,0.006,ubuntu-latest
36973387258,51335,Test,pull_request,Himanshucodess,User,human,110731932747,observability,2026-10-02T06:24:27Z,2026-10-02T06:25:33Z,2,actions_linux,0.006,0.012,ubuntu-latest
36973387258,51335,Test,pull_request,Himanshucodess,User,human,110731932755,content-render,2026-10-02T06:24:27Z,2026-10-02T06:25:29Z,2,actions_linux,0.006,0.012,ubuntu-latest
36973387258,51335,Test,pull_request,Himanshucodess,User,human,110731932780,products,2026-10-02T06:24:27Z,2026-10-02T06:25:23Z,1,actions_linux,0.006,0.006,ubuntu-latest
36973387258,51335,Test,pull_request,Himanshucodess,User,human,110731932808,shielding,2026-10-02T06:24:27Z,2026-10-02T06:25:26Z,1,actions_linux,0.006,0.006,ubuntu-latest
36973387258,51335,Test,pull_request,Himanshucodess,User,human,110731932831,webhooks,2026-10-02T06:24:26Z,2026-10-02T06:25:29Z,2,actions_linux,0.006,0.012,ubuntu-latest
36973387258,51335,Test,pull_request,Himanshucodess,User,human,110731932862,versions,2026-10-02T06:24:27Z,2026-10-02T06:25:36Z,2,actions_linux,0.006,0.012,ubuntu-latest
36973387256,12454,Lint code,pull_request,Himanshucodess,User,human,110731932022,lint-code,2026-10-02T06:24:25Z,2026-10-02T06:25:38Z,2,actions_linux,0.006,0.012,ubuntu-latest
36973387255,12934,Hubber contribution help,pull_request,Himanshucodess,User,human,110731932670,check-team-membership,2026-10-02T06:24:23Z,2026-10-02T06:24:22Z,1,actions_linux,0.006,0.006,ubuntu-latest
36973387250,8981,Test changed content,pull_request,Himanshucodess,User,human,110731931552,test-changed-content,2026-10-02T06:24:25Z,2026-10-02T06:25:46Z,2,actions_linux,0.006,0.012,ubuntu-latest
36973387249,15116,Content Lint Markdown,pull_request,Himanshucodess,User,human,110731931838,lint-content,2026-10-02T06:24:24Z,2026-10-02T06:24:53Z,1,actions_linux,0.006,0.006,ubuntu-latest
36973387236,19235,Local development,pull_request,Himanshucodess,User,human,110731931771,local-dev,2026-10-02T06:24:25Z,2026-10-02T06:25:10Z,1,actions_linux,0.006,0.006,ubuntu-latest
36973387235,508,Restrict who can queue merges,pull_request,Himanshucodess,User,human,110731933448,merge-queue-restriction,2026-10-02T06:24:23Z,2026-10-02T06:24:23Z,1,actions_linux,0.006,0.006,ubuntu-latest
36973387234,8686,Add maintenance PRs to the docs-content FR project v2,pull_request,Himanshucodess,User,human,110731933232,Add maintenance PR to FR project v2,2026-10-02T06:24:23Z,2026-10-02T06:24:22Z,1,actions_linux,0.006,0.006,ubuntu-latest
36973387224,5792,Reviewers - Legal,pull_request,Himanshucodess,User,human,110731963779,reviewers-legal,2026-10-02T06:24:30Z,2026-10-02T06:24:22Z,1,actions_linux,0.006,0.006,ubuntu-latest
36973387120,19377,Headless Tests,pull_request,Himanshucodess,User,human,110731931496,playwright-tests (playwright-a11y),2026-10-02T06:24:24Z,2026-10-02T06:26:49Z,3,actions_linux,0.006,0.018000000000000002,ubuntu-latest
36973387120,19377,Headless Tests,pull_request,Himanshucodess,User,human,110731931777,playwright-tests (playwright-rendering),2026-10-02T06:24:25Z,2026-10-02T06:27:55Z,4,actions_linux,0.006,0.024,ubuntu-latest
36973387120,19377,Headless Tests,pull_request,Himanshucodess,User,human,110731931784,playwright-tests (playwright-secret-scanning),2026-10-02T06:24:25Z,2026-10-02T06:26:34Z,3,actions_linux,0.006,0.018000000000000002,ubuntu-latest
36973387072,5839,Review comment,pull_request_target,Himanshucodess,User,human,110731932817,review-comment,2026-10-02T06:24:27Z,2026-10-02T06:24:50Z,1,actions_linux,0.006,0.006,ubuntu-latest
36973387049,32851,Confirm internal staff meant to post in public,pull_request_target,Himanshucodess,User,human,110731932522,check-team-membership,2026-10-02T06:24:32Z,2026-10-02T06:24:40Z,1,actions_linux,0.006,0.006,ubuntu-latest
36973387032,16341,Close bad repo-sync PRs,pull_request_target,Himanshucodess,User,human,110731933929,Close if invalid repo-sync PR author,2026-10-02T06:24:23Z,2026-10-02T06:24:23Z,1,actions_linux,0.006,0.006,ubuntu-latest
36973387027,332,Check for Spammy PRs,pull_request_target,Himanshucodess,User,human,110731932279,Label spammy PRs and reject non-main targets,2026-10-02T06:24:25Z,2026-10-02T06:24:32Z,1,actions_linux,0.006,0.006,ubuntu-latest
36973387018,349,Add new issues and PRs to central triage board,pull_request_target,Himanshucodess,User,human,110731932457,add-to-central-triage,2026-10-02T06:24:26Z,2026-10-02T06:24:44Z,1,actions_linux,0.006,0.006,ubuntu-latest
36973387015,24721,Triage new pull requests,pull_request_target,Himanshucodess,User,human,110731932277,triage_pulls,2026-10-02T06:24:27Z,2026-10-02T06:24:51Z,1,actions_linux,0.006,0.006,ubuntu-latest
36973387013,22380,Check unallowed file changes,pull_request_target,Himanshucodess,User,human,110731932046,triage,2026-10-02T06:24:24Z,2026-10-02T06:24:52Z,1,actions_linux,0.006,0.006,ubuntu-latest
36973387012,47,Check for non-English titles,pull_request_target,Himanshucodess,User,human,110731932009,Flag and close non-English titles,2026-10-02T06:24:24Z,2026-10-02T06:24:29Z,1,actions_linux,0.006,0.006,ubuntu-latest
36973387002,20612,Notify When Maintainers Cannot Edit,pull_request_target,Himanshucodess,User,human,110731931902,notify-when-maintainers-cannot-edit,2026-10-02T06:24:24Z,2026-10-02T06:24:29Z,1,actions_linux,0.006,0.006,ubuntu-latest
36971998602,780,"docker in /., /.devcontainer - Update #1604575291",dynamic,dependabot[bot],Bot,bot,110727711705,Dependabot,2026-10-02T06:06:46Z,2026-10-02T06:06:54Z,1,actions_linux,0.006,0.006,ubuntu-latest
36966154011,42582,Triage new issue comments,issue_comment,docs-bot,User,human,110710247935,triage-issue-comments,2026-10-02T04:48:30Z,2026-10-02T04:49:01Z,1,actions_linux,0.006,0.006,ubuntu-latest
36966153988,6653,Create a PR to add an entry to the CHANGELOG.md file in this repo,issue_comment,docs-bot,User,human,110710248903,docs-changelog-pr,2026-10-02T04:48:27Z,2026-10-02T04:48:27Z,1,actions_linux,0.006,0.006,ubuntu-latest
36966153918,74051,Stale check for no response from author,issue_comment,docs-bot,User,human,110710249037,noResponse,2026-10-02T04:48:27Z,2026-10-02T04:48:27Z,1,actions_linux,0.006,0.006,ubuntu-latest
36966152427,10929,Create SME review tracking issue,issues,docs-bot,User,human,110710244287,create-sme-review-tracking-issue,2026-10-02T04:48:26Z,2026-10-02T04:48:25Z,1,actions_linux,0.006,0.006,ubuntu-latest
36966152358,31812,Close issue/PR on adding invalid label,issues,docs-bot,User,human,110710242851,close-on-adding-invalid-label,2026-10-02T04:48:28Z,2026-10-02T04:48:34Z,1,actions_linux,0.006,0.006,ubuntu-latest
36966152341,30988,OS Ready for review,issues,docs-bot,User,human,110710272029,Request a review from the docs-content team,2026-10-02T04:48:34Z,2026-10-02T04:48:25Z,1,actions_linux,0.006,0.006,ubuntu-latest
36966152331,24976,"Comment on adding ""needs SME"" label",issues,docs-bot,User,human,110710243785,add-pr-comment,2026-10-02T04:48:26Z,2026-10-02T04:48:25Z,1,actions_linux,0.006,0.006,ubuntu-latest
36966152331,24976,"Comment on adding ""needs SME"" label",issues,docs-bot,User,human,110710244178,add-issue-comment,2026-10-02T04:48:26Z,2026-10-02T04:48:25Z,1,actions_linux,0.006,0.006,ubuntu-latest
36966152282,12678,Copy to API/events issue to docs-content,issues,docs-bot,User,human,110710243782,Transfer issue,2026-10-02T04:48:26Z,2026-10-02T04:48:25Z,1,actions_linux,0.006,0.006,ubuntu-latest
36966152175,5916,Expertise Required label message,issues,docs-bot,User,human,110710243089,Comment on issue with expertise required message,2026-10-02T04:48:26Z,2026-10-02T04:48:25Z,1,actions_linux,0.006,0.006,ubuntu-latest
36966141004,32850,Confirm internal staff meant to post in public,issues,josephancheta,User,human,110710207109,check-team-membership,2026-10-02T04:48:17Z,2026-10-02T04:48:24Z,1,actions_linux,0.006,0.006,ubuntu-latest
36966140985,46,Check for non-English titles,issues,josephancheta,User,human,110710207021,Flag and close non-English titles,2026-10-02T04:48:18Z,2026-10-02T04:48:24Z,1,actions_linux,0.006,0.006,ubuntu-latest
36966140969,7250,Check for Spammy Issues,issues,josephancheta,User,human,110710206876,Remove issues with spammy titles,2026-10-02T04:48:18Z,2026-10-02T04:48:25Z,1,actions_linux,0.006,0.006,ubuntu-latest
36966140949,348,Add new issues and PRs to central triage board,issues,josephancheta,User,human,110710206819,add-to-central-triage,2026-10-02T04:48:17Z,2026-10-02T04:48:34Z,1,actions_linux,0.006,0.006,ubuntu-latest
36966140894,8273,Triage new issues,issues,josephancheta,User,human,110710206538,triage_issues,2026-10-02T04:48:17Z,2026-10-02T04:48:43Z,1,actions_linux,0.006,0.006,ubuntu-latest
36966037426,19234,Local development,pull_request,ashis-baral,User,human,110709878413,local-dev,2026-10-02T04:46:49Z,2026-10-02T04:47:23Z,1,actions_linux,0.006,0.006,ubuntu-latest
36966037336,19376,Headless Tests,pull_request,ashis-baral,User,human,110709878652,playwright-tests (playwright-rendering),2026-10-02T04:46:48Z,2026-10-02T04:50:05Z,4,actions_linux,0.006,0.024,ubuntu-latest
36966037336,19376,Headless Tests,pull_request,ashis-baral,User,human,110709878739,playwright-tests (playwright-secret-scanning),2026-10-02T04:46:49Z,2026-10-02T04:49:05Z,3,actions_linux,0.006,0.018000000000000002,ubuntu-latest
36966037336,19376,Headless Tests,pull_request,ashis-baral,User,human,110709878875,playwright-tests (playwright-a11y),2026-10-02T04:46:50Z,2026-10-02T04:49:14Z,3,actions_linux,0.006,0.018000000000000002,ubuntu-latest
36966037323,15115,Content Lint Markdown,pull_request,ashis-baral,User,human,110709878097,lint-content,2026-10-02T04:46:50Z,2026-10-02T04:47:29Z,1,actions_linux,0.006,0.006,ubuntu-latest
36966037317,507,Restrict who can queue merges,pull_request,ashis-baral,User,human,110709879727,merge-queue-restriction,2026-10-02T04:46:47Z,2026-10-02T04:46:47Z,1,actions_linux,0.006,0.006,ubuntu-latest
36966037277,22204,CodeQL analysis,pull_request,ashis-baral,User,human,110709878296,build,2026-10-02T04:46:49Z,2026-10-02T04:48:09Z,2,actions_linux,0.006,0.012,ubuntu-latest
36966037274,12453,Lint code,pull_request,ashis-baral,User,human,110709878236,lint-code,2026-10-02T04:46:49Z,2026-10-02T04:48:07Z,2,actions_linux,0.006,0.012,ubuntu-latest
36966037267,51334,Test,pull_request,ashis-baral,User,human,110709878645,automated-pipelines,2026-10-02T04:46:49Z,2026-10-02T04:48:18Z,2,actions_linux,0.006,0.012,ubuntu-latest
36966037267,51334,Test,pull_request,ashis-baral,User,human,110709878785,archives,2026-10-02T04:46:48Z,2026-10-02T04:47:51Z,2,actions_linux,0.006,0.012,ubuntu-latest
36966037267,51334,Test,pull_request,ashis-baral,User,human,110709878793,audit-logs,2026-10-02T04:46:49Z,2026-10-02T04:48:06Z,2,actions_linux,0.006,0.012,ubuntu-latest
36966037267,51334,Test,pull_request,ashis-baral,User,human,110709878795,shielding,2026-10-02T04:46:49Z,2026-10-02T04:47:47Z,1,actions_linux,0.006,0.006,ubuntu-latest
36966037267,51334,Test,pull_request,ashis-baral,User,human,110709878800,article-api,2026-10-02T04:46:49Z,2026-10-02T04:48:12Z,2,actions_linux,0.006,0.012,ubuntu-latest
36966037267,51334,Test,pull_request,ashis-baral,User,human,110709878817,content-linter,2026-10-02T04:46:50Z,2026-10-02T04:48:09Z,2,actions_linux,0.006,0.012,ubuntu-latest
36966037267,51334,Test,pull_request,ashis-baral,User,human,110709878836,assets,2026-10-02T04:46:49Z,2026-10-02T04:48:01Z,2,actions_linux,0.006,0.012,ubuntu-latest
36966037267,51334,Test,pull_request,ashis-baral,User,human,110709878843,observability,2026-10-02T04:46:49Z,2026-10-02T04:47:59Z,2,actions_linux,0.006,0.012,ubuntu-latest
36966037267,51334,Test,pull_request,ashis-baral,User,human,110709878850,color-schemes,2026-10-02T04:46:50Z,2026-10-02T04:47:51Z,2,actions_linux,0.006,0.012,ubuntu-latest
36966037267,51334,Test,pull_request,ashis-baral,User,human,110709878856,content-render,2026-10-02T04:46:50Z,2026-10-02T04:47:50Z,1,actions_linux,0.006,0.006,ubuntu-latest
36966037267,51334,Test,pull_request,ashis-baral,User,human,110709878857,fixtures,2026-10-02T04:46:50Z,2026-10-02T04:48:12Z,2,actions_linux,0.006,0.012,ubuntu-latest
36966037267,51334,Test,pull_request,ashis-baral,User,human,110709878881,workflows,2026-10-02T04:46:50Z,2026-10-02T04:47:53Z,2,actions_linux,0.006,0.012,ubuntu-latest
36966037267,51334,Test,pull_request,ashis-baral,User,human,110709878894,landings,2026-10-02T04:46:49Z,2026-10-02T04:48:00Z,2,actions_linux,0.006,0.012,ubuntu-latest
36966037267,51334,Test,pull_request,ashis-baral,User,human,110709878895,rest,2026-10-02T04:46:50Z,2026-10-02T04:48:09Z,2,actions_linux,0.006,0.012,ubuntu-latest
36966037267,51334,Test,pull_request,ashis-baral,User,human,110709878899,data-directory,2026-10-02T04:46:51Z,2026-10-02T04:48:08Z,2,actions_linux,0.006,0.012,ubuntu-latest
36966037267,51334,Test,pull_request,ashis-baral,User,human,110709878901,webhooks,2026-10-02T04:46:50Z,2026-10-02T04:47:49Z,1,actions_linux,0.006,0.006,ubuntu-latest
36966037267,51334,Test,pull_request,ashis-baral,User,human,110709878908,graphql,2026-10-02T04:46:50Z,2026-10-02T04:47:53Z,2,actions_linux,0.006,0.012,ubuntu-latest
36966037267,51334,Test,pull_request,ashis-baral,User,human,110709878910,versions,2026-10-02T04:46:50Z,2026-10-02T04:47:54Z,2,actions_linux,0.006,0.012,ubuntu-latest
36966037267,51334,Test,pull_request,ashis-baral,User,human,110709878920,early-access,2026-10-02T04:46:50Z,2026-10-02T04:47:47Z,1,actions_linux,0.006,0.006,ubuntu-latest
36966037267,51334,Test,pull_request,ashis-baral,User,human,110709878925,secret-scanning,2026-10-02T04:46:48Z,2026-10-02T04:47:52Z,2,actions_linux,0.006,0.012,ubuntu-latest
36966037267,51334,Test,pull_request,ashis-baral,User,human,110709878927,redirects,2026-10-02T04:46:50Z,2026-10-02T04:48:28Z,2,actions_linux,0.006,0.012,ubuntu-latest
36966037267,51334,Test,pull_request,ashis-baral,User,human,110709878931,release-notes,2026-10-02T04:46:49Z,2026-10-02T04:47:58Z,2,actions_linux,0.006,0.012,ubuntu-latest
36966037267,51334,Test,pull_request,ashis-baral,User,human,110709878934,journeys,2026-10-02T04:46:49Z,2026-10-02T04:47:47Z,1,actions_linux,0.006,0.006,ubuntu-latest
36966037267,51334,Test,pull_request,ashis-baral,User,human,110709878940,links,2026-10-02T04:46:49Z,2026-10-02T04:47:50Z,2,actions_linux,0.006,0.012,ubuntu-latest
36966037267,51334,Test,pull_request,ashis-baral,User,human,110709878951,events,2026-10-02T04:46:49Z,2026-10-02T04:47:49Z,1,actions_linux,0.006,0.006,ubuntu-latest
36966037267,51334,Test,pull_request,ashis-baral,User,human,110709878964,ghes-releases,2026-10-02T04:46:50Z,2026-10-02T04:48:00Z,2,actions_linux,0.006,0.012,ubuntu-latest
36966037267,51334,Test,pull_request,ashis-baral,User,human,110709878983,search,2026-10-02T04:46:50Z,2026-10-02T04:48:42Z,2,actions_linux,0.006,0.012,ubuntu-latest
36966037267,51334,Test,pull_request,ashis-baral,User,human,110709879003,frame,2026-10-02T04:46:49Z,2026-10-02T04:48:02Z,2,actions_linux,0.006,0.012,ubuntu-latest
36966037267,51334,Test,pull_request,ashis-baral,User,human,110709879004,products,2026-10-02T04:46:50Z,2026-10-02T04:47:58Z,2,actions_linux,0.006,0.012,ubuntu-latest
36966037267,51334,Test,pull_request,ashis-baral,User,human,110709879018,github-apps,2026-10-02T04:46:49Z,2026-10-02T04:47:52Z,2,actions_linux,0.006,0.012,ubuntu-latest
36966037219,977,Line endings,pull_request,ashis-baral,User,human,110709878111,line-endings,2026-10-02T04:46:49Z,2026-10-02T04:47:05Z,1,actions_linux,0.006,0.006,ubuntu-latest
36966034674,22379,Check unallowed file changes,pull_request_target,ashis-baral,User,human,110709870936,triage,2026-10-02T04:46:47Z,2026-10-02T04:47:00Z,1,actions_linux,0.006,0.006,ubuntu-latest
36966034642,331,Check for Spammy PRs,pull_request_target,ashis-baral,User,human,110709871038,Label spammy PRs and reject non-main targets,2026-10-02T04:46:47Z,2026-10-02T04:46:54Z,1,actions_linux,0.006,0.006,ubuntu-latest
36966034543,16340,Close bad repo-sync PRs,pull_request_target,ashis-baral,User,human,110709871606,Close if invalid repo-sync PR author,2026-10-02T04:46:45Z,2026-10-02T04:46:44Z,1,actions_linux,0.006,0.006,ubuntu-latest
36966034506,5838,Review comment,pull_request_target,ashis-baral,User,human,110709870120,review-comment,2026-10-02T04:46:46Z,2026-10-02T04:47:14Z,1,actions_linux,0.006,0.006,ubuntu-latest
36964296621,330,Check for Spammy PRs,pull_request_target,ashis-baral,User,human,110704560547,Label spammy PRs and reject non-main targets,2026-10-02T04:22:55Z,2026-10-02T04:23:03Z,1,actions_linux,0.006,0.006,ubuntu-latest
36964290392,329,Check for Spammy PRs,pull_request_target,ashis-baral,User,human,110704541261,Label spammy PRs and reject non-main targets,2026-10-02T04:22:49Z,2026-10-02T04:22:57Z,1,actions_linux,0.006,0.006,ubuntu-latest
36963035526,19375,Headless Tests,pull_request,ashis-baral,User,human,110700674781,playwright-tests (playwright-secret-scanning),2026-10-02T04:05:50Z,2026-10-02T04:07:55Z,3,actions_linux,0.006,0.018000000000000002,ubuntu-latest
36963035526,19375,Headless Tests,pull_request,ashis-baral,User,human,110700674975,playwright-tests (playwright-rendering),2026-10-02T04:05:51Z,2026-10-02T04:09:14Z,4,actions_linux,0.006,0.024,ubuntu-latest
36963035526,19375,Headless Tests,pull_request,ashis-baral,User,human,110700674987,playwright-tests (playwright-a11y),2026-10-02T04:05:51Z,2026-10-02T04:08:18Z,3,actions_linux,0.006,0.018000000000000002,ubuntu-latest
36963035510,1586,Auto-add ready-for-doc-review label,pull_request,ashis-baral,User,human,110700703561,Add ready-for-doc-review label to DIY docs PRs,2026-10-02T04:05:54Z,2026-10-02T04:05:47Z,1,actions_linux,0.006,0.006,ubuntu-latest
36963035491,12933,Hubber contribution help,pull_request,ashis-baral,User,human,110700699147,check-team-membership,2026-10-02T04:05:53Z,2026-10-02T04:05:47Z,1,actions_linux,0.006,0.006,ubuntu-latest
36963035485,51333,Test,pull_request,ashis-baral,User,human,110700674962,audit-logs,2026-10-02T04:05:51Z,2026-10-02T04:06:55Z,2,actions_linux,0.006,0.012,ubuntu-latest
36963035485,51333,Test,pull_request,ashis-baral,User,human,110700675081,observability,2026-10-02T04:05:51Z,2026-10-02T04:06:52Z,2,actions_linux,0.006,0.012,ubuntu-latest
36963035485,51333,Test,pull_request,ashis-baral,User,human,110700675094,events,2026-10-02T04:05:50Z,2026-10-02T04:06:53Z,2,actions_linux,0.006,0.012,ubuntu-latest
36963035485,51333,Test,pull_request,ashis-baral,User,human,110700675110,workflows,2026-10-02T04:05:51Z,2026-10-02T04:06:57Z,2,actions_linux,0.006,0.012,ubuntu-latest
36963035485,51333,Test,pull_request,ashis-baral,User,human,110700675125,github-apps,2026-10-02T04:05:52Z,2026-10-02T04:07:08Z,2,actions_linux,0.006,0.012,ubuntu-latest
36963035485,51333,Test,pull_request,ashis-baral,User,human,110700675128,content-linter,2026-10-02T04:05:51Z,2026-10-02T04:07:05Z,2,actions_linux,0.006,0.012,ubuntu-latest
36963035485,51333,Test,pull_request,ashis-baral,User,human,110700675139,content-render,2026-10-02T04:05:50Z,2026-10-02T04:06:54Z,2,actions_linux,0.006,0.012,ubuntu-latest
36963035485,51333,Test,pull_request,ashis-baral,User,human,110700675146,fixtures,2026-10-02T04:05:51Z,2026-10-02T04:06:59Z,2,actions_linux,0.006,0.012,ubuntu-latest
36963035485,51333,Test,pull_request,ashis-baral,User,human,110700675166,products,2026-10-02T04:05:51Z,2026-10-02T04:07:00Z,2,actions_linux,0.006,0.012,ubuntu-latest
36963035485,51333,Test,pull_request,ashis-baral,User,human,110700675170,article-api,2026-10-02T04:05:50Z,2026-10-02T04:06:58Z,2,actions_linux,0.006,0.012,ubuntu-latest
36963035485,51333,Test,pull_request,ashis-baral,User,human,110700675181,redirects,2026-10-02T04:05:51Z,2026-10-02T04:07:36Z,2,actions_linux,0.006,0.012,ubuntu-latest
36963035485,51333,Test,pull_request,ashis-baral,User,human,110700675186,assets,2026-10-02T04:05:51Z,2026-10-02T04:06:49Z,1,actions_linux,0.006,0.006,ubuntu-latest
36963035485,51333,Test,pull_request,ashis-baral,User,human,110700675190,automated-pipelines,2026-10-02T04:05:51Z,2026-10-02T04:07:20Z,2,actions_linux,0.006,0.012,ubuntu-latest
36963035485,51333,Test,pull_request,ashis-baral,User,human,110700675192,journeys,2026-10-02T04:05:51Z,2026-10-02T04:06:54Z,2,actions_linux,0.006,0.012,ubuntu-latest
36963035485,51333,Test,pull_request,ashis-baral,User,human,110700675193,search,2026-10-02T04:05:51Z,2026-10-02T04:07:35Z,2,actions_linux,0.006,0.012,ubuntu-latest
36963035485,51333,Test,pull_request,ashis-baral,User,human,110700675194,rest,2026-10-02T04:05:51Z,2026-10-02T04:07:06Z,2,actions_linux,0.006,0.012,ubuntu-latest
36963035485,51333,Test,pull_request,ashis-baral,User,human,110700675201,release-notes,2026-10-02T04:05:52Z,2026-10-02T04:06:57Z,2,actions_linux,0.006,0.012,ubuntu-latest
36963035485,51333,Test,pull_request,ashis-baral,User,human,110700675206,frame,2026-10-02T04:05:52Z,2026-10-02T04:07:16Z,2,actions_linux,0.006,0.012,ubuntu-latest
36963035485,51333,Test,pull_request,ashis-baral,User,human,110700675211,shielding,2026-10-02T04:05:51Z,2026-10-02T04:06:53Z,2,actions_linux,0.006,0.012,ubuntu-latest
36963035485,51333,Test,pull_request,ashis-baral,User,human,110700675216,links,2026-10-02T04:05:51Z,2026-10-02T04:06:55Z,2,actions_linux,0.006,0.012,ubuntu-latest
36963035485,51333,Test,pull_request,ashis-baral,User,human,110700675230,early-access,2026-10-02T04:05:51Z,2026-10-02T04:06:45Z,1,actions_linux,0.006,0.006,ubuntu-latest
36963035485,51333,Test,pull_request,ashis-baral,User,human,110700675231,webhooks,2026-10-02T04:05:51Z,2026-10-02T04:06:56Z,2,actions_linux,0.006,0.012,ubuntu-latest
36963035485,51333,Test,pull_request,ashis-baral,User,human,110700675242,landings,2026-10-02T04:05:51Z,2026-10-02T04:06:50Z,1,actions_linux,0.006,0.006,ubuntu-latest
36963035485,51333,Test,pull_request,ashis-baral,User,human,110700675266,ghes-releases,2026-10-02T04:05:51Z,2026-10-02T04:07:00Z,2,actions_linux,0.006,0.012,ubuntu-latest
36963035485,51333,Test,pull_request,ashis-baral,User,human,110700675278,color-schemes,2026-10-02T04:05:51Z,2026-10-02T04:06:47Z,1,actions_linux,0.006,0.006,ubuntu-latest
36963035485,51333,Test,pull_request,ashis-baral,User,human,110700675298,archives,2026-10-02T04:05:51Z,2026-10-02T04:06:48Z,1,actions_linux,0.006,0.006,ubuntu-latest
36963035485,51333,Test,pull_request,ashis-baral,User,human,110700675305,secret-scanning,2026-10-02T04:05:51Z,2026-10-02T04:07:01Z,2,actions_linux,0.006,0.012,ubuntu-latest
36963035485,51333,Test,pull_request,ashis-baral,User,human,110700675321,data-directory,2026-10-02T04:05:51Z,2026-10-02T04:06:44Z,1,actions_linux,0.006,0.006,ubuntu-latest
36963035485,51333,Test,pull_request,ashis-baral,User,human,110700675329,graphql,2026-10-02T04:05:51Z,2026-10-02T04:06:59Z,2,actions_linux,0.006,0.012,ubuntu-latest
36963035485,51333,Test,pull_request,ashis-baral,User,human,110700675374,versions,2026-10-02T04:05:51Z,2026-10-02T04:07:05Z,2,actions_linux,0.006,0.012,ubuntu-latest
36963035461,506,Restrict who can queue merges,pull_request,ashis-baral,User,human,110700710582,merge-queue-restriction,2026-10-02T04:05:56Z,2026-10-02T04:05:47Z,1,actions_linux,0.006,0.006,ubuntu-latest
36963035454,19233,Local development,pull_request,ashis-baral,User,human,110700674042,local-dev,2026-10-02T04:05:50Z,2026-10-02T04:06:32Z,1,actions_linux,0.006,0.006,ubuntu-latest
36963035448,12452,Lint code,pull_request,ashis-baral,User,human,110700674400,lint-code,2026-10-02T04:05:50Z,2026-10-02T04:07:05Z,2,actions_linux,0.006,0.012,ubuntu-latest
36963035444,8685,Add maintenance PRs to the docs-content FR project v2,pull_request,ashis-baral,User,human,110700675806,Add maintenance PR to FR project v2,2026-10-02T04:05:47Z,2026-10-02T04:05:47Z,1,actions_linux,0.006,0.006,ubuntu-latest
36963035420,22203,CodeQL analysis,pull_request,ashis-baral,User,human,110700674014,build,2026-10-02T04:05:51Z,2026-10-02T04:07:16Z,2,actions_linux,0.006,0.012,ubuntu-latest
36963035399,976,Line endings,pull_request,ashis-baral,User,human,110700673975,line-endings,2026-10-02T04:05:50Z,2026-10-02T04:06:05Z,1,actions_linux,0.006,0.006,ubuntu-latest
36963035397,15114,Content Lint Markdown,pull_request,ashis-baral,User,human,110700673900,lint-content,2026-10-02T04:05:51Z,2026-10-02T04:06:32Z,1,actions_linux,0.006,0.006,ubuntu-latest
36963033173,32849,Confirm internal staff meant to post in public,pull_request_target,ashis-baral,User,human,110700667489,check-team-membership,2026-10-02T04:05:48Z,2026-10-02T04:05:53Z,1,actions_linux,0.006,0.006,ubuntu-latest
36963033162,5837,Review comment,pull_request_target,ashis-baral,User,human,110700668189,review-comment,2026-10-02T04:05:48Z,2026-10-02T04:06:17Z,1,actions_linux,0.006,0.006,ubuntu-latest
36963033161,347,Add new issues and PRs to central triage board,pull_request_target,ashis-baral,User,human,110700668008,add-to-central-triage,2026-10-02T04:05:48Z,2026-10-02T04:06:06Z,1,actions_linux,0.006,0.006,ubuntu-latest
36963033160,16339,Close bad repo-sync PRs,pull_request_target,ashis-baral,User,human,110700705752,Close if invalid repo-sync PR author,2026-10-02T04:05:55Z,2026-10-02T04:05:45Z,1,actions_linux,0.006,0.006,ubuntu-latest
36963033148,22378,Check unallowed file changes,pull_request_target,ashis-baral,User,human,110700667589,triage,2026-10-02T04:05:48Z,2026-10-02T04:06:05Z,1,actions_linux,0.006,0.006,ubuntu-latest
36963033146,24720,Triage new pull requests,pull_request_target,ashis-baral,User,human,110700667721,triage_pulls,2026-10-02T04:05:48Z,2026-10-02T04:06:12Z,1,actions_linux,0.006,0.006,ubuntu-latest
36963033144,45,Check for non-English titles,pull_request_target,ashis-baral,User,human,110700667760,Flag and close non-English titles,2026-10-02T04:05:48Z,2026-10-02T04:05:55Z,1,actions_linux,0.006,0.006,ubuntu-latest
36963033133,328,Check for Spammy PRs,pull_request_target,ashis-baral,User,human,110700667602,Label spammy PRs and reject non-main targets,2026-10-02T04:05:48Z,2026-10-02T04:05:54Z,1,actions_linux,0.006,0.006,ubuntu-latest
36963033130,20611,Notify When Maintainers Cannot Edit,pull_request_target,ashis-baral,User,human,110700667559,notify-when-maintainers-cannot-edit,2026-10-02T04:05:48Z,2026-10-02T04:05:55Z,1,actions_linux,0.006,0.006,ubuntu-latest
36962994101,5915,Expertise Required label message,issues,ashis-baral,User,human,110700549638,Comment on issue with expertise required message,2026-10-02T04:05:15Z,2026-10-02T04:05:14Z,1,actions_linux,0.006,0.006,ubuntu-latest
36962994092,31811,Close issue/PR on adding invalid label,issues,ashis-baral,User,human,110700549380,close-on-adding-invalid-label,2026-10-02T04:05:14Z,2026-10-02T04:05:14Z,1,actions_linux,0.006,0.006,ubuntu-latest
36962994036,12677,Copy to API/events issue to docs-content,issues,ashis-baral,User,human,110700588145,Transfer issue,2026-10-02T04:05:24Z,2026-10-02T04:05:14Z,1,actions_linux,0.006,0.006,ubuntu-latest
36962994009,24975,"Comment on adding ""needs SME"" label",issues,ashis-baral,User,human,110700549524,add-pr-comment,2026-10-02T04:05:15Z,2026-10-02T04:05:14Z,1,actions_linux,0.006,0.006,ubuntu-latest
36962994009,24975,"Comment on adding ""needs SME"" label",issues,ashis-baral,User,human,110700549784,add-issue-comment,2026-10-02T04:05:15Z,2026-10-02T04:05:14Z,1,actions_linux,0.006,0.006,ubuntu-latest
36962994007,10928,Create SME review tracking issue,issues,ashis-baral,User,human,110700548798,create-sme-review-tracking-issue,2026-10-02T04:05:14Z,2026-10-02T04:05:14Z,1,actions_linux,0.006,0.006,ubuntu-latest
36962994002,30987,OS Ready for review,issues,ashis-baral,User,human,110700570666,Request a review from the docs-content team,2026-10-02T04:05:20Z,2026-10-02T04:05:14Z,1,actions_linux,0.006,0.006,ubuntu-latest
